cluster,count,mean,std
0,73,0.09143188718623063,0.5987862162736327
1,46,-0.2688922984195031,0.9635675575359797
2,21,0.27116752203344036,0.5625068001128641
