,log_GDP_std,Social_Support_std,Life_expectancy_std,Freedom_std,Generosity_std,Corruption_std
log_GDP_std,1.0,0.7268431189903377,0.8302561727949417,0.41488559042045203,-0.0594047259480207,0.4442269744559736
Social_Support_std,0.7268431189903377,1.0,0.7069240554155785,0.48464110035641,0.079465808432316,0.2508696819622222
Life_expectancy_std,0.8302561727949417,0.7069240554155785,1.0,0.401081603815291,0.0071480450157177635,0.3990257570918554
Freedom_std,0.41488559042045203,0.48464110035641,0.401081603815291,1.0,0.22432285047953263,0.3441972988220112
Generosity_std,-0.0594047259480207,0.079465808432316,0.0071480450157177635,0.22432285047953263,1.0,0.1726658242941374
Corruption_std,0.4442269744559736,0.2508696819622222,0.3990257570918554,0.3441972988220112,0.1726658242941374,1.0
