,count,mean,std,min,25%,50%,75%,max
log_GDP_std,140.0,-1.0150610510858574e-16,1.0035906758257156,-3.255148047654481,-0.710748835238229,0.12439959565228259,0.8562611181287736,1.79941814467509
Social_Support_std,140.0,2.5376526277146434e-16,1.0035906758257156,-3.415370763544608,-0.640056731444977,0.31064075229297605,0.7494821086027358,1.4532842838165014
Life_expectancy_std,140.0,0.0,1.0035906758257156,-3.169706733834077,-0.7477872120136231,0.1741243647597407,0.7765616327502555,2.045331030487855
Freedom_std,140.0,1.5225915766287861e-16,1.0035906758257156,-3.833115437545224,-0.5751415742202753,0.1258632285994055,0.7126073366863629,1.496991565392085
Generosity_std,140.0,-1.1419436824715895e-16,1.0035906758257156,-1.9988297348085504,-0.7552956581672315,-0.13352861984657174,0.6317231196250092,3.480919328193306
Corruption_std,140.0,1.7763568394002506e-16,1.0035906758257154,-1.225261848853518,-0.6787009138201437,-0.26728959181320416,0.31504624078599075,3.345975062334701
